dataset_name,publisher,url_or_location,access_method,geographic_coverage,geographic_level,time_period,access_date,licence_or_permission_status,data_origin,columns_used,cleaning_performed,known_limitations,rows_retrieved,retrieval_status,notes
HMIS (health management information system),see url,https://hmis.mohfw.gov.in/,investigated; no licence-clean bulk access,National,n/a,n/a,2026-09-22T06:34:18Z,reference-only — public visibility is not permission for bulk reuse (see docs/foundation/V004-source-and-reuse-register.md),derived,,,Report-builder portal; no open bulk district extract identified.,0,not_attempted,"Substitute used: Health indicators derived, anchored on DLHS-III where it overlaps."
Local Government Directory (LGD),see url,https://lgdirectory.gov.in/,investigated; no licence-clean bulk access,National,n/a,n/a,2026-09-22T06:34:18Z,reference-only — public visibility is not permission for bulk reuse (see docs/foundation/V004-source-and-reuse-register.md),derived,,,"Site responds, but the directory download is captcha- and login-gated and exposes no CSV/XLS/ZIP link and no open REST endpoint. V004 already records it as reference-only: public visibility is not permission for bulk reuse.",0,not_attempted,Substitute used: Official district codes taken from Census 2011 PCA resources instead.
NITI Aayog SDG India Index / MPI,see url,https://sdgindiaindex.niti.gov.in/,investigated; no licence-clean bulk access,National,n/a,n/a,2026-09-22T06:34:18Z,reference-only — public visibility is not permission for bulk reuse (see docs/foundation/V004-source-and-reuse-register.md),derived,,,"Single-page app with no open data endpoint; the data.gov.in SDG and MPI resources are state-level only, so neither supports district analysis.",0,not_attempted,Substitute used: Not used.
PMGSY / OMMS (rural roads),see url,https://omms.nic.in/,investigated; no licence-clean bulk access,National,n/a,n/a,2026-09-22T06:34:18Z,reference-only — public visibility is not permission for bulk reuse (see docs/foundation/V004-source-and-reuse-register.md),derived,,,Host did not respond within timeout; no open bulk endpoint identified.,0,not_attempted,"Substitute used: Road indicators derived, anchored on the two real state road tables."
UDISE+ (school education statistics),see url,https://udiseplus.gov.in/,investigated; no licence-clean bulk access,National,n/a,n/a,2026-09-22T06:34:18Z,reference-only — public visibility is not permission for bulk reuse (see docs/foundation/V004-source-and-reuse-register.md),derived,,,Host did not respond within timeout; bulk access requires registration.,0,not_attempted,Substitute used: Education indicators derived from census literacy and child population.
District-wise Ayushman Bharat Health and Wellness Centres (aspirational districts),Ministry of Health and Family Welfare (via data.gov.in),https://api.data.gov.in/resource/288508e5-9597-4668-b4d4-ba420ceeef6d,data.gov.in REST API (paged JSON),selected districts,district,2022,2026-09-22T06:34:18Z,Government Open Data License - India (GODL-India) — reuse permitted with attribution,real,see data/processed/*_infrastructure.csv for the mapped columns,District names normalised and matched to Census 2011 district codes; lakh-denominated household counts rescaled to units where noted,"Single-state parliamentary answer: covers a small share of Indian districts and does not generalise nationally. 11 rows, aspirational districts only. Operational SHC/PHC/UPHC counts.",11,ok,"11 rows, aspirational districts only. Operational SHC/PHC/UPHC counts."
"District-wise Number of Schools and Colleges, Himachal Pradesh",Government of Himachal Pradesh (via data.gov.in),https://api.data.gov.in/resource/6e9fff80-5242-4672-94ee-b488bda00eb8,data.gov.in REST API (paged JSON),Himachal Pradesh,district,2020-21,2026-09-22T06:34:18Z,Government Open Data License - India (GODL-India) — reuse permitted with attribution,real,see data/processed/*_infrastructure.csv for the mapped columns,District names normalised and matched to Census 2011 district codes; lakh-denominated household counts rescaled to units where noted,Single-state parliamentary answer: covers a small share of Indian districts and does not generalise nationally. 13 rows. Carries an explicit state column.,13,ok,13 rows. Carries an explicit state column.
"District-wise Road Length Completed, Odisha",Government of Odisha (via data.gov.in),https://api.data.gov.in/resource/b3320522-5dde-4803-b126-eafda8a98d17,data.gov.in REST API (paged JSON),Odisha,district,2019-20 to 2022-23,2026-09-22T06:34:18Z,Government Open Data License - India (GODL-India) — reuse permitted with attribution,real,see data/processed/*_infrastructure.csv for the mapped columns,District names normalised and matched to Census 2011 district codes; lakh-denominated household counts rescaled to units where noted,"Single-state parliamentary answer: covers a small share of Indian districts and does not generalise nationally. 31 rows, four annual columns.",31,ok,"31 rows, four annual columns."
"District-wise Road Length Constructed, Karnataka",Ministry of Rural Development (via data.gov.in),https://api.data.gov.in/resource/251e53ad-d056-48d7-b5ff-39954532749a,data.gov.in REST API (paged JSON),Karnataka,district,2018-19 to 2022-23,2026-09-22T06:34:18Z,Government Open Data License - India (GODL-India) — reuse permitted with attribution,real,see data/processed/*_infrastructure.csv for the mapped columns,District names normalised and matched to Census 2011 district codes; lakh-denominated household counts rescaled to units where noted,"Single-state parliamentary answer: covers a small share of Indian districts and does not generalise nationally. 31 rows, single cumulative length column.",31,ok,"31 rows, single cumulative length column."
"District-wise Rural Households with Tap Water Connection (JJM), Tamil Nadu",Ministry of Jal Shakti / Jal Jeevan Mission (via data.gov.in),https://api.data.gov.in/resource/a9ff333b-cbf6-4765-9ce2-3237d6351650,data.gov.in REST API (paged JSON),Tamil Nadu,district,2019-2021,2026-09-22T06:34:18Z,Government Open Data License - India (GODL-India) — reuse permitted with attribution,real,see data/processed/*_infrastructure.csv for the mapped columns,District names normalised and matched to Census 2011 district codes; lakh-denominated household counts rescaled to units where noted,"Single-state parliamentary answer: covers a small share of Indian districts and does not generalise nationally. 37 rows. Household counts are in LAKHS, not units — rescaled on import.",37,ok,"37 rows. Household counts are in LAKHS, not units — rescaled on import."
"District-wise Rural Households with Tap Water Connection, Haryana",Ministry of Jal Shakti (via data.gov.in),https://api.data.gov.in/resource/444cc4d1-4853-44c1-9ae2-ddcaaa3738bd,data.gov.in REST API (paged JSON),Haryana,district,2021,2026-09-22T06:34:18Z,Government Open Data License - India (GODL-India) — reuse permitted with attribution,real,see data/processed/*_infrastructure.csv for the mapped columns,District names normalised and matched to Census 2011 district codes; lakh-denominated household counts rescaled to units where noted,Single-state parliamentary answer: covers a small share of Indian districts and does not generalise nationally. 23 rows. Household counts are in LAKHS — rescaled on import.,23,ok,23 rows. Household counts are in LAKHS — rescaled on import.
"District-wise provision of potable water / tap connections, Madhya Pradesh",Ministry of Jal Shakti (via data.gov.in),https://api.data.gov.in/resource/a59eaa2e-98fa-467d-a133-6b72af0ffb17,data.gov.in REST API (paged JSON),Madhya Pradesh,district,2022,2026-09-22T06:34:18Z,Government Open Data License - India (GODL-India) — reuse permitted with attribution,real,see data/processed/*_infrastructure.csv for the mapped columns,District names normalised and matched to Census 2011 district codes; lakh-denominated household counts rescaled to units where noted,Single-state parliamentary answer: covers a small share of Indian districts and does not generalise nationally. 53 rows. Households and tap-water connections as on 29-07-2022.,53,ok,53 rows. Households and tap-water connections as on 29-07-2022.
"Facility Indicators, DLHS-III",Ministry of Health and Family Welfare (via data.gov.in),https://api.data.gov.in/resource/5d5a8c17-6527-491a-b19d-e7031ea66a76,data.gov.in REST API (paged JSON),selected districts,district,2007-08,2026-09-22T06:34:18Z,Government Open Data License - India (GODL-India) — reuse permitted with attribution,real,see data/processed/*_infrastructure.csv for the mapped columns,District names normalised and matched to Census 2011 district codes; lakh-denominated household counts rescaled to units where noted,"Single-state parliamentary answer: covers a small share of Indian districts and does not generalise nationally. 12 rows. Indicators are percentages, not facility counts, and are dated.",12,ok,"12 rows. Indicators are percentages, not facility counts, and are dated."
Primary Census Abstract 2011 - Andaman and Nicobar Islands,"Office of the Registrar General & Census Commissioner, India (via data.gov.in)",https://api.data.gov.in/resource/d0637793-0388-4116-848a-3d844eec2237,data.gov.in REST API (paged JSON),Andaman and Nicobar Islands,district (with state and rural/urban splits),Census 2011,2026-09-22T06:33:24Z,Government Open Data License - India (GODL-India) — reuse permitted with attribution,real,"state_code, district_code, level, name, tru, total_population_person, no_of_households, literates_population_person, and the age/sex/SC/ST columns","Filtered to level=DISTRICT and tru=Total; codes zero-padded; numeric columns coerced, non-numeric set to null",Census 2011 is the most recent full Indian census; district boundaries and populations have changed materially since.,12,ok,
Primary Census Abstract 2011 - Andhra Pradesh,"Office of the Registrar General & Census Commissioner, India (via data.gov.in)",https://api.data.gov.in/resource/edf9b320-7e6c-4052-977f-d7cb03919eea,data.gov.in REST API (paged JSON),Andhra Pradesh,district (with state and rural/urban splits),Census 2011,2026-09-22T06:33:24Z,Government Open Data License - India (GODL-India) — reuse permitted with attribution,real,"state_code, district_code, level, name, tru, total_population_person, no_of_households, literates_population_person, and the age/sex/SC/ST columns","Filtered to level=DISTRICT and tru=Total; codes zero-padded; numeric columns coerced, non-numeric set to null",Census 2011 is the most recent full Indian census; district boundaries and populations have changed materially since.,72,ok,
Primary Census Abstract 2011 - Arunachal Pradesh,"Office of the Registrar General & Census Commissioner, India (via data.gov.in)",https://api.data.gov.in/resource/0b12dc69-3cd8-42b0-9c64-ebe16a9e2be1,data.gov.in REST API (paged JSON),Arunachal Pradesh,district (with state and rural/urban splits),Census 2011,2026-09-22T06:33:24Z,Government Open Data License - India (GODL-India) — reuse permitted with attribution,real,"state_code, district_code, level, name, tru, total_population_person, no_of_households, literates_population_person, and the age/sex/SC/ST columns","Filtered to level=DISTRICT and tru=Total; codes zero-padded; numeric columns coerced, non-numeric set to null",Census 2011 is the most recent full Indian census; district boundaries and populations have changed materially since.,51,ok,
Primary Census Abstract 2011 - Assam,"Office of the Registrar General & Census Commissioner, India (via data.gov.in)",https://api.data.gov.in/resource/8db50ae4-b712-4bfd-b556-900819052af1,data.gov.in REST API (paged JSON),Assam,district (with state and rural/urban splits),Census 2011,2026-09-22T06:33:24Z,Government Open Data License - India (GODL-India) — reuse permitted with attribution,real,"state_code, district_code, level, name, tru, total_population_person, no_of_households, literates_population_person, and the age/sex/SC/ST columns","Filtered to level=DISTRICT and tru=Total; codes zero-padded; numeric columns coerced, non-numeric set to null",Census 2011 is the most recent full Indian census; district boundaries and populations have changed materially since.,84,ok,
Primary Census Abstract 2011 - Bihar,"Office of the Registrar General & Census Commissioner, India (via data.gov.in)",https://api.data.gov.in/resource/3fa8c2df-34b0-4b6b-bfe8-635bc8060805,data.gov.in REST API (paged JSON),Bihar,district (with state and rural/urban splits),Census 2011,2026-09-22T06:33:24Z,Government Open Data License - India (GODL-India) — reuse permitted with attribution,real,"state_code, district_code, level, name, tru, total_population_person, no_of_households, literates_population_person, and the age/sex/SC/ST columns","Filtered to level=DISTRICT and tru=Total; codes zero-padded; numeric columns coerced, non-numeric set to null",Census 2011 is the most recent full Indian census; district boundaries and populations have changed materially since.,117,ok,
Primary Census Abstract 2011 - Chandigarh,"Office of the Registrar General & Census Commissioner, India (via data.gov.in)",https://api.data.gov.in/resource/4e60b34b-208e-4c0d-a5a3-898c4879680f,data.gov.in REST API (paged JSON),Chandigarh,district (with state and rural/urban splits),Census 2011,2026-09-22T06:33:24Z,Government Open Data License - India (GODL-India) — reuse permitted with attribution,real,"state_code, district_code, level, name, tru, total_population_person, no_of_households, literates_population_person, and the age/sex/SC/ST columns","Filtered to level=DISTRICT and tru=Total; codes zero-padded; numeric columns coerced, non-numeric set to null",Census 2011 is the most recent full Indian census; district boundaries and populations have changed materially since.,6,ok,
Primary Census Abstract 2011 - Chhattisgarh,"Office of the Registrar General & Census Commissioner, India (via data.gov.in)",https://api.data.gov.in/resource/1895a27c-d12e-484e-b6e4-4fe88844f476,data.gov.in REST API (paged JSON),Chhattisgarh,district (with state and rural/urban splits),Census 2011,2026-09-22T06:33:24Z,Government Open Data License - India (GODL-India) — reuse permitted with attribution,real,"state_code, district_code, level, name, tru, total_population_person, no_of_households, literates_population_person, and the age/sex/SC/ST columns","Filtered to level=DISTRICT and tru=Total; codes zero-padded; numeric columns coerced, non-numeric set to null",Census 2011 is the most recent full Indian census; district boundaries and populations have changed materially since.,57,ok,
Primary Census Abstract 2011 - Dadar and Nagar Haveli,"Office of the Registrar General & Census Commissioner, India (via data.gov.in)",https://api.data.gov.in/resource/e204fcca-8ad9-4970-a732-cd446da5e038,data.gov.in REST API (paged JSON),Dadar and Nagar Haveli,district (with state and rural/urban splits),Census 2011,2026-09-22T06:33:24Z,Government Open Data License - India (GODL-India) — reuse permitted with attribution,real,"state_code, district_code, level, name, tru, total_population_person, no_of_households, literates_population_person, and the age/sex/SC/ST columns","Filtered to level=DISTRICT and tru=Total; codes zero-padded; numeric columns coerced, non-numeric set to null",Census 2011 is the most recent full Indian census; district boundaries and populations have changed materially since.,6,ok,
Primary Census Abstract 2011 - Daman and Diu,"Office of the Registrar General & Census Commissioner, India (via data.gov.in)",https://api.data.gov.in/resource/75cabb64-e605-4cea-9c90-c8fd14ce2be2,data.gov.in REST API (paged JSON),Daman and Diu,district (with state and rural/urban splits),Census 2011,2026-09-22T06:33:24Z,Government Open Data License - India (GODL-India) — reuse permitted with attribution,real,"state_code, district_code, level, name, tru, total_population_person, no_of_households, literates_population_person, and the age/sex/SC/ST columns","Filtered to level=DISTRICT and tru=Total; codes zero-padded; numeric columns coerced, non-numeric set to null",Census 2011 is the most recent full Indian census; district boundaries and populations have changed materially since.,9,ok,
Primary Census Abstract 2011 - Delhi,"Office of the Registrar General & Census Commissioner, India (via data.gov.in)",https://api.data.gov.in/resource/9d948601-a376-4b23-86d5-7d0b413e91bf,data.gov.in REST API (paged JSON),Delhi,district (with state and rural/urban splits),Census 2011,2026-09-22T06:33:24Z,Government Open Data License - India (GODL-India) — reuse permitted with attribution,real,"state_code, district_code, level, name, tru, total_population_person, no_of_households, literates_population_person, and the age/sex/SC/ST columns","Filtered to level=DISTRICT and tru=Total; codes zero-padded; numeric columns coerced, non-numeric set to null",Census 2011 is the most recent full Indian census; district boundaries and populations have changed materially since.,30,ok,
Primary Census Abstract 2011 - Goa,"Office of the Registrar General & Census Commissioner, India (via data.gov.in)",https://api.data.gov.in/resource/d0835a31-5c80-4c8d-b72f-c6945a35f7b4,data.gov.in REST API (paged JSON),Goa,district (with state and rural/urban splits),Census 2011,2026-09-22T06:33:24Z,Government Open Data License - India (GODL-India) — reuse permitted with attribution,real,"state_code, district_code, level, name, tru, total_population_person, no_of_households, literates_population_person, and the age/sex/SC/ST columns","Filtered to level=DISTRICT and tru=Total; codes zero-padded; numeric columns coerced, non-numeric set to null",Census 2011 is the most recent full Indian census; district boundaries and populations have changed materially since.,9,ok,
Primary Census Abstract 2011 - Gujarat,"Office of the Registrar General & Census Commissioner, India (via data.gov.in)",https://api.data.gov.in/resource/4c0b7dd3-159e-4e0e-b0bb-e88f3cfd7941,data.gov.in REST API (paged JSON),Gujarat,district (with state and rural/urban splits),Census 2011,2026-09-22T06:33:24Z,Government Open Data License - India (GODL-India) — reuse permitted with attribution,real,"state_code, district_code, level, name, tru, total_population_person, no_of_households, literates_population_person, and the age/sex/SC/ST columns","Filtered to level=DISTRICT and tru=Total; codes zero-padded; numeric columns coerced, non-numeric set to null",Census 2011 is the most recent full Indian census; district boundaries and populations have changed materially since.,81,ok,
Primary Census Abstract 2011 - Haryana,"Office of the Registrar General & Census Commissioner, India (via data.gov.in)",https://api.data.gov.in/resource/c0f87ab4-488e-4105-9c33-eea34dbf7e72,data.gov.in REST API (paged JSON),Haryana,district (with state and rural/urban splits),Census 2011,2026-09-22T06:33:24Z,Government Open Data License - India (GODL-India) — reuse permitted with attribution,real,"state_code, district_code, level, name, tru, total_population_person, no_of_households, literates_population_person, and the age/sex/SC/ST columns","Filtered to level=DISTRICT and tru=Total; codes zero-padded; numeric columns coerced, non-numeric set to null",Census 2011 is the most recent full Indian census; district boundaries and populations have changed materially since.,66,ok,
Primary Census Abstract 2011 - Jammu and Kashmir,"Office of the Registrar General & Census Commissioner, India (via data.gov.in)",https://api.data.gov.in/resource/878970db-a7fc-4c2e-bfef-f92be6529d82,data.gov.in REST API (paged JSON),Jammu and Kashmir,district (with state and rural/urban splits),Census 2011,2026-09-22T06:33:24Z,Government Open Data License - India (GODL-India) — reuse permitted with attribution,real,"state_code, district_code, level, name, tru, total_population_person, no_of_households, literates_population_person, and the age/sex/SC/ST columns","Filtered to level=DISTRICT and tru=Total; codes zero-padded; numeric columns coerced, non-numeric set to null",Census 2011 is the most recent full Indian census; district boundaries and populations have changed materially since.,69,ok,
Primary Census Abstract 2011 - Jammu and Kashmir,"Office of the Registrar General & Census Commissioner, India (via data.gov.in)",https://api.data.gov.in/resource/8e730c91-a60c-4ee7-afb6-0b255303d99e,data.gov.in REST API (paged JSON),Jammu and Kashmir,district (with state and rural/urban splits),Census 2011,2026-09-22T06:33:24Z,Government Open Data License - India (GODL-India) — reuse permitted with attribution,real,"state_code, district_code, level, name, tru, total_population_person, no_of_households, literates_population_person, and the age/sex/SC/ST columns","Filtered to level=DISTRICT and tru=Total; codes zero-padded; numeric columns coerced, non-numeric set to null",Census 2011 is the most recent full Indian census; district boundaries and populations have changed materially since.,69,ok,
Primary Census Abstract 2011 - Jharkhand,"Office of the Registrar General & Census Commissioner, India (via data.gov.in)",https://api.data.gov.in/resource/3d6ec3e7-031a-49a6-9c47-5e1ccc5ba9cd,data.gov.in REST API (paged JSON),Jharkhand,district (with state and rural/urban splits),Census 2011,2026-09-22T06:33:24Z,Government Open Data License - India (GODL-India) — reuse permitted with attribution,real,"state_code, district_code, level, name, tru, total_population_person, no_of_households, literates_population_person, and the age/sex/SC/ST columns","Filtered to level=DISTRICT and tru=Total; codes zero-padded; numeric columns coerced, non-numeric set to null",Census 2011 is the most recent full Indian census; district boundaries and populations have changed materially since.,75,ok,
Primary Census Abstract 2011 - Karnataka,"Office of the Registrar General & Census Commissioner, India (via data.gov.in)",https://api.data.gov.in/resource/b31029a7-a4a4-4184-9905-f0e1dc85edac,data.gov.in REST API (paged JSON),Karnataka,district (with state and rural/urban splits),Census 2011,2026-09-22T06:33:24Z,Government Open Data License - India (GODL-India) — reuse permitted with attribution,real,"state_code, district_code, level, name, tru, total_population_person, no_of_households, literates_population_person, and the age/sex/SC/ST columns","Filtered to level=DISTRICT and tru=Total; codes zero-padded; numeric columns coerced, non-numeric set to null",Census 2011 is the most recent full Indian census; district boundaries and populations have changed materially since.,93,ok,
Primary Census Abstract 2011 - Kerala,"Office of the Registrar General & Census Commissioner, India (via data.gov.in)",https://api.data.gov.in/resource/4bdd67c0-6c9c-4a0b-934f-f4037704ff3d,data.gov.in REST API (paged JSON),Kerala,district (with state and rural/urban splits),Census 2011,2026-09-22T06:33:24Z,Government Open Data License - India (GODL-India) — reuse permitted with attribution,real,"state_code, district_code, level, name, tru, total_population_person, no_of_households, literates_population_person, and the age/sex/SC/ST columns","Filtered to level=DISTRICT and tru=Total; codes zero-padded; numeric columns coerced, non-numeric set to null",Census 2011 is the most recent full Indian census; district boundaries and populations have changed materially since.,45,ok,
Primary Census Abstract 2011 - Lakshadweep,"Office of the Registrar General & Census Commissioner, India (via data.gov.in)",https://api.data.gov.in/resource/e7f635b3-3547-4030-bddb-7e774ded1d05,data.gov.in REST API (paged JSON),Lakshadweep,district (with state and rural/urban splits),Census 2011,2026-09-22T06:33:24Z,Government Open Data License - India (GODL-India) — reuse permitted with attribution,real,"state_code, district_code, level, name, tru, total_population_person, no_of_households, literates_population_person, and the age/sex/SC/ST columns","Filtered to level=DISTRICT and tru=Total; codes zero-padded; numeric columns coerced, non-numeric set to null",Census 2011 is the most recent full Indian census; district boundaries and populations have changed materially since.,6,ok,
Primary Census Abstract 2011 - Madhya Pradesh,"Office of the Registrar General & Census Commissioner, India (via data.gov.in)",https://api.data.gov.in/resource/c0137033-0d18-4bbc-b6e9-c6e020441e1c,data.gov.in REST API (paged JSON),Madhya Pradesh,district (with state and rural/urban splits),Census 2011,2026-09-22T06:33:24Z,Government Open Data License - India (GODL-India) — reuse permitted with attribution,real,"state_code, district_code, level, name, tru, total_population_person, no_of_households, literates_population_person, and the age/sex/SC/ST columns","Filtered to level=DISTRICT and tru=Total; codes zero-padded; numeric columns coerced, non-numeric set to null",Census 2011 is the most recent full Indian census; district boundaries and populations have changed materially since.,153,ok,
Primary Census Abstract 2011 - Maharashtra,"Office of the Registrar General & Census Commissioner, India (via data.gov.in)",https://api.data.gov.in/resource/7028bef0-9966-4608-860b-cdf9b6854061,data.gov.in REST API (paged JSON),Maharashtra,district (with state and rural/urban splits),Census 2011,2026-09-22T06:33:24Z,Government Open Data License - India (GODL-India) — reuse permitted with attribution,real,"state_code, district_code, level, name, tru, total_population_person, no_of_households, literates_population_person, and the age/sex/SC/ST columns","Filtered to level=DISTRICT and tru=Total; codes zero-padded; numeric columns coerced, non-numeric set to null",Census 2011 is the most recent full Indian census; district boundaries and populations have changed materially since.,108,ok,
Primary Census Abstract 2011 - Manipur,"Office of the Registrar General & Census Commissioner, India (via data.gov.in)",https://api.data.gov.in/resource/833b9a95-1b58-45f7-a514-999b4dabbb96,data.gov.in REST API (paged JSON),Manipur,district (with state and rural/urban splits),Census 2011,2026-09-22T06:33:35Z,Government Open Data License - India (GODL-India) — reuse permitted with attribution,real,"state_code, district_code, level, name, tru, total_population_person, no_of_households, literates_population_person, and the age/sex/SC/ST columns","Filtered to level=DISTRICT and tru=Total; codes zero-padded; numeric columns coerced, non-numeric set to null",Census 2011 is the most recent full Indian census; district boundaries and populations have changed materially since.,30,ok,
Primary Census Abstract 2011 - Meghalaya,"Office of the Registrar General & Census Commissioner, India (via data.gov.in)",https://api.data.gov.in/resource/953dc76d-a3de-47ce-a534-49ce13ddca58,data.gov.in REST API (paged JSON),Meghalaya,district (with state and rural/urban splits),Census 2011,2026-09-22T06:33:37Z,Government Open Data License - India (GODL-India) — reuse permitted with attribution,real,"state_code, district_code, level, name, tru, total_population_person, no_of_households, literates_population_person, and the age/sex/SC/ST columns","Filtered to level=DISTRICT and tru=Total; codes zero-padded; numeric columns coerced, non-numeric set to null",Census 2011 is the most recent full Indian census; district boundaries and populations have changed materially since.,24,ok,
Primary Census Abstract 2011 - Mizoram,"Office of the Registrar General & Census Commissioner, India (via data.gov.in)",https://api.data.gov.in/resource/6aac1bf5-3ae3-4505-bc78-f9c5cc8a94dd,data.gov.in REST API (paged JSON),Mizoram,district (with state and rural/urban splits),Census 2011,2026-09-22T06:33:41Z,Government Open Data License - India (GODL-India) — reuse permitted with attribution,real,"state_code, district_code, level, name, tru, total_population_person, no_of_households, literates_population_person, and the age/sex/SC/ST columns","Filtered to level=DISTRICT and tru=Total; codes zero-padded; numeric columns coerced, non-numeric set to null",Census 2011 is the most recent full Indian census; district boundaries and populations have changed materially since.,27,ok,
Primary Census Abstract 2011 - Nagaland,"Office of the Registrar General & Census Commissioner, India (via data.gov.in)",https://api.data.gov.in/resource/f6d951bf-1be0-4f77-8cee-052630dd05af,data.gov.in REST API (paged JSON),Nagaland,district (with state and rural/urban splits),Census 2011,2026-09-22T06:33:45Z,Government Open Data License - India (GODL-India) — reuse permitted with attribution,real,"state_code, district_code, level, name, tru, total_population_person, no_of_households, literates_population_person, and the age/sex/SC/ST columns","Filtered to level=DISTRICT and tru=Total; codes zero-padded; numeric columns coerced, non-numeric set to null",Census 2011 is the most recent full Indian census; district boundaries and populations have changed materially since.,36,ok,
Primary Census Abstract 2011 - Odisha,"Office of the Registrar General & Census Commissioner, India (via data.gov.in)",https://api.data.gov.in/resource/f641911e-1686-4675-95cf-92f1a5bd7173,data.gov.in REST API (paged JSON),Odisha,district (with state and rural/urban splits),Census 2011,2026-09-22T06:33:48Z,Government Open Data License - India (GODL-India) — reuse permitted with attribution,real,"state_code, district_code, level, name, tru, total_population_person, no_of_households, literates_population_person, and the age/sex/SC/ST columns","Filtered to level=DISTRICT and tru=Total; codes zero-padded; numeric columns coerced, non-numeric set to null",Census 2011 is the most recent full Indian census; district boundaries and populations have changed materially since.,93,ok,
Primary Census Abstract 2011 - Pondicherry,"Office of the Registrar General & Census Commissioner, India (via data.gov.in)",https://api.data.gov.in/resource/473d5c6d-31eb-4305-914e-1ad05d280419,data.gov.in REST API (paged JSON),Pondicherry,district (with state and rural/urban splits),Census 2011,2026-09-22T06:33:59Z,Government Open Data License - India (GODL-India) — reuse permitted with attribution,real,"state_code, district_code, level, name, tru, total_population_person, no_of_households, literates_population_person, and the age/sex/SC/ST columns","Filtered to level=DISTRICT and tru=Total; codes zero-padded; numeric columns coerced, non-numeric set to null",Census 2011 is the most recent full Indian census; district boundaries and populations have changed materially since.,15,ok,
Primary Census Abstract 2011 - Punjab,"Office of the Registrar General & Census Commissioner, India (via data.gov.in)",https://api.data.gov.in/resource/0e1eab4c-560f-4b35-a5e7-7ec778d3bcf4,data.gov.in REST API (paged JSON),Punjab,district (with state and rural/urban splits),Census 2011,2026-09-22T06:34:00Z,Government Open Data License - India (GODL-India) — reuse permitted with attribution,real,"state_code, district_code, level, name, tru, total_population_person, no_of_households, literates_population_person, and the age/sex/SC/ST columns","Filtered to level=DISTRICT and tru=Total; codes zero-padded; numeric columns coerced, non-numeric set to null",Census 2011 is the most recent full Indian census; district boundaries and populations have changed materially since.,63,ok,
Primary Census Abstract 2011 - Rajasthan,"Office of the Registrar General & Census Commissioner, India (via data.gov.in)",https://api.data.gov.in/resource/11268466-4ee5-465e-af48-ff4ac86aac24,data.gov.in REST API (paged JSON),Rajasthan,district (with state and rural/urban splits),Census 2011,2026-09-22T06:34:06Z,Government Open Data License - India (GODL-India) — reuse permitted with attribution,real,"state_code, district_code, level, name, tru, total_population_person, no_of_households, literates_population_person, and the age/sex/SC/ST columns","Filtered to level=DISTRICT and tru=Total; codes zero-padded; numeric columns coerced, non-numeric set to null",Census 2011 is the most recent full Indian census; district boundaries and populations have changed materially since.,102,ok,
Primary Census Abstract 2011 - Sikkim,"Office of the Registrar General & Census Commissioner, India (via data.gov.in)",https://api.data.gov.in/resource/be7bbd5d-5f3a-4a7b-9953-18fdbdc83cdf,data.gov.in REST API (paged JSON),Sikkim,district (with state and rural/urban splits),Census 2011,2026-09-22T06:34:16Z,Government Open Data License - India (GODL-India) — reuse permitted with attribution,real,"state_code, district_code, level, name, tru, total_population_person, no_of_households, literates_population_person, and the age/sex/SC/ST columns","Filtered to level=DISTRICT and tru=Total; codes zero-padded; numeric columns coerced, non-numeric set to null",Census 2011 is the most recent full Indian census; district boundaries and populations have changed materially since.,15,ok,
Primary Census Abstract 2011 - Tamil Nadu,"Office of the Registrar General & Census Commissioner, India (via data.gov.in)",https://api.data.gov.in/resource/6cc9e9e8-222a-4ed4-8bf0-b14d092c61f4,data.gov.in REST API (paged JSON),Tamil Nadu,district (with state and rural/urban splits),Census 2011,2026-09-22T06:34:18Z,Government Open Data License - India (GODL-India) — reuse permitted with attribution,real,"state_code, district_code, level, name, tru, total_population_person, no_of_households, literates_population_person, and the age/sex/SC/ST columns","Filtered to level=DISTRICT and tru=Total; codes zero-padded; numeric columns coerced, non-numeric set to null",Census 2011 is the most recent full Indian census; district boundaries and populations have changed materially since.,99,ok,
Primary Census Abstract 2011 - Tripura,"Office of the Registrar General & Census Commissioner, India (via data.gov.in)",https://api.data.gov.in/resource/940cd9db-6462-4e30-8956-06405e55041f,data.gov.in REST API (paged JSON),Tripura,district (with state and rural/urban splits),Census 2011,2026-09-22T06:34:18Z,Government Open Data License - India (GODL-India) — reuse permitted with attribution,real,"state_code, district_code, level, name, tru, total_population_person, no_of_households, literates_population_person, and the age/sex/SC/ST columns","Filtered to level=DISTRICT and tru=Total; codes zero-padded; numeric columns coerced, non-numeric set to null",Census 2011 is the most recent full Indian census; district boundaries and populations have changed materially since.,15,ok,
Primary Census Abstract 2011 - Uttar Pradesh,"Office of the Registrar General & Census Commissioner, India (via data.gov.in)",https://api.data.gov.in/resource/6ee97517-4432-4d58-b5b1-ee4f55c6ae46,data.gov.in REST API (paged JSON),Uttar Pradesh,district (with state and rural/urban splits),Census 2011,2026-09-22T06:34:18Z,Government Open Data License - India (GODL-India) — reuse permitted with attribution,real,"state_code, district_code, level, name, tru, total_population_person, no_of_households, literates_population_person, and the age/sex/SC/ST columns","Filtered to level=DISTRICT and tru=Total; codes zero-padded; numeric columns coerced, non-numeric set to null",Census 2011 is the most recent full Indian census; district boundaries and populations have changed materially since.,216,ok,
Primary Census Abstract 2011 - Uttarakhand,"Office of the Registrar General & Census Commissioner, India (via data.gov.in)",https://api.data.gov.in/resource/f1a56af0-b9b0-43f8-98c4-f9b76351a379,data.gov.in REST API (paged JSON),Uttarakhand,district (with state and rural/urban splits),Census 2011,2026-09-22T06:34:18Z,Government Open Data License - India (GODL-India) — reuse permitted with attribution,real,"state_code, district_code, level, name, tru, total_population_person, no_of_households, literates_population_person, and the age/sex/SC/ST columns","Filtered to level=DISTRICT and tru=Total; codes zero-padded; numeric columns coerced, non-numeric set to null",Census 2011 is the most recent full Indian census; district boundaries and populations have changed materially since.,45,ok,
Primary Census Abstract 2011 - West Bengal,"Office of the Registrar General & Census Commissioner, India (via data.gov.in)",https://api.data.gov.in/resource/a4473626-fb91-4543-a86f-67f0b70ab337,data.gov.in REST API (paged JSON),West Bengal,district (with state and rural/urban splits),Census 2011,2026-09-22T06:34:18Z,Government Open Data License - India (GODL-India) — reuse permitted with attribution,real,"state_code, district_code, level, name, tru, total_population_person, no_of_households, literates_population_person, and the age/sex/SC/ST columns","Filtered to level=DISTRICT and tru=Total; codes zero-padded; numeric columns coerced, non-numeric set to null",Census 2011 is the most recent full Indian census; district boundaries and populations have changed materially since.,60,ok,
